{"nombre":"Sándor Kocsis","codigo_pais":"19","numero_goles":"75","numero_partidos_jugados":"68","efficiency":1.1029411764705883}
{"nombre":"Gerd Müller","codigo_pais":"2","numero_goles":"68","numero_partidos_jugados":"62","efficiency":1.096774193548387}
{"nombre":"Kunishige Kamamoto","codigo_pais":"26","numero_goles":"75","numero_partidos_jugados":"76","efficiency":0.9868421052631579}
{"nombre":"Ferenc Puskás","codigo_pais":"20","numero_goles":"84","numero_partidos_jugados":"89","efficiency":0.9438202247191011}
{"nombre":"Imre Schlosser","codigo_pais":"19","numero_goles":"59","numero_partidos_jugados":"68","efficiency":0.8676470588235294}
{"nombre":"Abdul Ghani Minhat","codigo_pais":"16","numero_goles":"61","numero_partidos_jugados":"71","efficiency":0.8591549295774648}
{"nombre":"Pelé","codigo_pais":"8","numero_goles":"77","numero_partidos_jugados":"92","efficiency":0.8369565217391305}
{"nombre":"Romário","codigo_pais":"8","numero_goles":"55","numero_partidos_jugados":"70","efficiency":0.7857142857142857}
{"nombre":"Ali Mabkhout","codigo_pais":"13","numero_goles":"79","numero_partidos_jugados":"104","efficiency":0.7596153846153846}
{"nombre":"Jasem Al-Huwaidi","codigo_pais":"27","numero_goles":"63","numero_partidos_jugados":"83","efficiency":0.7590361445783133}
{"nombre":"Ali Daei","codigo_pais":"24","numero_goles":"109","numero_partidos_jugados":"148","efficiency":0.7364864864864865}
{"nombre":"Godfrey Chitalu","codigo_pais":"39","numero_goles":"79","numero_partidos_jugados":"111","efficiency":0.7117117117117117}
{"nombre":"Piyapong Pue-on","codigo_pais":"36","numero_goles":"70","numero_partidos_jugados":"100","efficiency":0.7}
{"nombre":"Romelu Lukaku","codigo_pais":"6","numero_goles":"68","numero_partidos_jugados":"101","efficiency":0.6732673267326733}
{"nombre":"Ali Ashfaq","codigo_pais":"30","numero_goles":"57","numero_partidos_jugados":"89","efficiency":0.6404494382022472}
{"nombre":"Sunil Chhetri","codigo_pais":"21","numero_goles":"80","numero_partidos_jugados":"125","efficiency":0.64}
{"nombre":"Ronaldo Nazario","codigo_pais":"8","numero_goles":"62","numero_partidos_jugados":"98","efficiency":0.6326530612244898}
{"nombre":"Abdul Kadir","codigo_pais":"22","numero_goles":"70","numero_partidos_jugados":"111","efficiency":0.6306306306306306}
{"nombre":"Mokhtar Dahari","codigo_pais":"28","numero_goles":"89","numero_partidos_jugados":"142","efficiency":0.6267605633802817}
{"nombre":"Cristiano Ronaldo","codigo_pais":"32","numero_goles":"115","numero_partidos_jugados":"184","efficiency":0.625}
{"nombre":"Didier Drogba","codigo_pais":"11","numero_goles":"65","numero_partidos_jugados":"105","efficiency":0.6190476190476191}
{"nombre":"Kazuyoshi Miura","codigo_pais":"26","numero_goles":"55","numero_partidos_jugados":"89","efficiency":0.6179775280898876}
{"nombre":"Majed Abdullah","codigo_pais":"4","numero_goles":"72","numero_partidos_jugados":"117","efficiency":0.6153846153846154}
{"nombre":"Stern John","codigo_pais":"37","numero_goles":"70","numero_partidos_jugados":"115","efficiency":0.6086956521739131}
{"nombre":"Kinnah Phiri","codigo_pais":"29","numero_goles":"71","numero_partidos_jugados":"117","efficiency":0.6068376068376068}
{"nombre":"Jan Koller","codigo_pais":"33","numero_goles":"55","numero_partidos_jugados":"91","efficiency":0.6043956043956044}
{"nombre":"Neymar","codigo_pais":"8","numero_goles":"70","numero_partidos_jugados":"116","efficiency":0.603448275862069}
{"nombre":"David Villa","codigo_pais":"14","numero_goles":"59","numero_partidos_jugados":"98","efficiency":0.6020408163265306}
{"nombre":"Robert Lewandowski","codigo_pais":"31","numero_goles":"74","numero_partidos_jugados":"128","efficiency":0.578125}
{"nombre":"Hussein Saeed","codigo_pais":"23","numero_goles":"78","numero_partidos_jugados":"137","efficiency":0.5693430656934306}
{"nombre":"Iswadi Idris","codigo_pais":"22","numero_goles":"55","numero_partidos_jugados":"97","efficiency":0.5670103092783505}
{"nombre":"Carlos Pavón","codigo_pais":"18","numero_goles":"57","numero_partidos_jugados":"101","efficiency":0.5643564356435643}
{"nombre":"Bashar Abdullah","codigo_pais":"27","numero_goles":"75","numero_partidos_jugados":"134","efficiency":0.5597014925373134}
{"nombre":"Fandi Ahmad","codigo_pais":"34","numero_goles":"55","numero_partidos_jugados":"101","efficiency":0.5445544554455446}
{"nombre":"Joachim Streich","codigo_pais":"3","numero_goles":"55","numero_partidos_jugados":"102","efficiency":0.5392156862745098}
{"nombre":"Kiatisuk Senamuang","codigo_pais":"36","numero_goles":"71","numero_partidos_jugados":"134","efficiency":0.5298507462686567}
{"nombre":"Miroslav Klose","codigo_pais":"1","numero_goles":"71","numero_partidos_jugados":"137","efficiency":0.5182481751824818}
{"nombre":"Zlatan Ibrahimović","codigo_pais":"35","numero_goles":"62","numero_partidos_jugados":"120","efficiency":0.5166666666666667}
{"nombre":"Luis Suárez","codigo_pais":"38","numero_goles":"67","numero_partidos_jugados":"130","efficiency":0.5153846153846153}
{"nombre":"Lionel Messi","codigo_pais":"5","numero_goles":"81","numero_partidos_jugados":"158","efficiency":0.5126582278481012}
{"nombre":"Ahmed Radhi","codigo_pais":"23","numero_goles":"62","numero_partidos_jugados":"121","efficiency":0.512396694214876}
{"nombre":"Carlos Ruiz Gutiérrez","codigo_pais":"17","numero_goles":"68","numero_partidos_jugados":"133","efficiency":0.5112781954887218}
{"nombre":"Edin Džeko","codigo_pais":"7","numero_goles":"60","numero_partidos_jugados":"118","efficiency":0.5084745762711864}
{"nombre":"Samuel Eto'o","codigo_pais":"9","numero_goles":"56","numero_partidos_jugados":"118","efficiency":0.4745762711864407}
{"nombre":"Robbie Keane","codigo_pais":"25","numero_goles":"68","numero_partidos_jugados":"146","efficiency":0.4657534246575342}
{"nombre":"Cha Bum-Kun","codigo_pais":"10","numero_goles":"58","numero_partidos_jugados":"135","efficiency":0.42962962962962964}
{"nombre":"Clint Dempsey","codigo_pais":"15","numero_goles":"57","numero_partidos_jugados":"141","efficiency":0.40425531914893614}
{"nombre":"Hossam Hassan","codigo_pais":"12","numero_goles":"68","numero_partidos_jugados":"176","efficiency":0.38636363636363635}
{"nombre":"Younis Mahmoud","codigo_pais":"23","numero_goles":"57","numero_partidos_jugados":"148","efficiency":0.38513513513513514}
{"nombre":"Landon Donovan","codigo_pais":"15","numero_goles":"57","numero_partidos_jugados":"157","efficiency":0.3630573248407643}
