{"centro_tipo_descripcion":"CENTRO PRIVADO DE FORMACIÓN PROFESIONAL ESPECÍFICA","centro_titularidad":"PRIVADO","direccion_coor_x":439513.0,"direccion_coor_y":4476920.0,"distancia":121.19948487467829}
{"centro_tipo_descripcion":"CENTRO PRIVADO DE FORMACIÓN PROFESIONAL ESPECÍFICA","centro_titularidad":"PRIVADO CONCERTADO","direccion_coor_x":439841.0,"direccion_coor_y":4474146.0,"distancia":448.7129020946017}
{"centro_tipo_descripcion":"INSTITUTO DE EDUCACIÓN SECUNDARIA","centro_titularidad":"PÚBLICO","direccion_coor_x":439759.0,"direccion_coor_y":4474678.0,"distancia":444.01352129048774}
{"centro_tipo_descripcion":"CENTRO PÚBLICO DE FORMACIÓN PROFESIONAL ESPECÍFICA","centro_titularidad":"PÚBLICO-TITULARIDAD PRIVADA","direccion_coor_x":438970.0,"direccion_coor_y":4476829.0,"distancia":2318.4563830272937}
